<?xml version="1.0" encoding="utf-8"?>
<!DOCTYPE hibernate-configuration PUBLIC
"-//Hibernate/Hibernate Configuration DTD 3.0//EN"
"http://www.hibernate.org/dtd/hibernate-configuration-3.0.dtd">
<hibernate-configuration>
     <session-factory> 
         <property name="hibernate.connection.url">jdbc:mysql://localhost:3306/dbchesstournaments</property>
         <property name="hibernate.connection.username">mavenuser</property>
         <property name="hibernate.connection.password">ada0486</property>
         <property name="hibernate.dialect">org.hibernate.dialect.MySQL8Dialect</property>
         <property name="show_sql">false</property>
         <property name="format_sql">true</property>
         <property name="hbm2ddl.auto">update</property>
         <mapping class="DOMAIN.Player"/>
         <mapping class="DOMAIN.Tournament"/>
         <mapping class="DOMAIN.Location"/>
     </session-factory>
</hibernate-configuration>