<?xml version="1.0" encoding="UTF-8"?>
<?xml-stylesheet type="text/xsl" href="index.xsl"?>
<ies nombre="CEEDCV" web="http://www.ceedcv.es">
    <ciclos>
        <ciclo id="ASIR">
            <nombre>Administración de Sistemas en Red</nombre>
            <grado>Superior</grado>
            <decretoTitulo año="2009"/>
        </ciclo>
        <ciclo id="DAW">
            <nombre>Desarrollo de Aplicaciones Web.</nombre>
            <grado>Superior</grado>
            <decretoTitulo año="2010"/>
        </ciclo>
        <ciclo id="DAM">
            <nombre>Desarrollo de aplicaciones Multiplataforma</nombre>
            <grado>Superior</grado>
            <decretoTitulo año="2010"/>
        </ciclo>
        <ciclo id="SMR">
            <nombre>Sistemas Microinformáticos y Redes</nombre>
            <grado>Medio</grado>
            <decretoTitulo año="2008"/>
        </ciclo>
    </ciclos>
</ies>